{"chrome":{"last":"C:\\Users\\AshwinPC\\AppData\\Roaming\\npm\\node_modules\\protractor\\node_modules\\webdriver-manager\\selenium\\chromedriver_2.37.exe","all":["C:\\Users\\AshwinPC\\AppData\\Roaming\\npm\\node_modules\\protractor\\node_modules\\webdriver-manager\\selenium\\chromedriver_2.37.exe"]},"standalone":{"last":"C:\\Users\\AshwinPC\\AppData\\Roaming\\npm\\node_modules\\protractor\\node_modules\\webdriver-manager\\selenium\\selenium-server-standalone-3.11.0.jar","all":["C:\\Users\\AshwinPC\\AppData\\Roaming\\npm\\node_modules\\protractor\\node_modules\\webdriver-manager\\selenium\\selenium-server-standalone-3.11.0.jar"]},"gecko":{"last":"C:\\Users\\AshwinPC\\AppData\\Roaming\\npm\\node_modules\\protractor\\node_modules\\webdriver-manager\\selenium\\geckodriver-v0.20.0.exe","all":["C:\\Users\\AshwinPC\\AppData\\Roaming\\npm\\node_modules\\protractor\\node_modules\\webdriver-manager\\selenium\\geckodriver-v0.20.0.exe"]}}